Secondary_Stack_Length,Rank
2,0.375
3,0.3489583333333333
,0.2760416666666667
