Secondary_Stack_Length,Tertiary_Stack_Length,Rank
2,2,0.08843537414965986
2,,0.3401360544217687
3,,0.272108843537415
4,,0.14965986394557823
,,0.14965986394557823
