Secondary_Stack_Length,Tertiary_Stack_Length,Rank
2,2,0.30120481927710846
2,,0.27710843373493976
3,2,0.060240963855421686
3,,0.18072289156626506
,,0.18072289156626506
