Secondary_Stack_Length,Tertiary_Stack_Length,Rank
2,2,0.37777777777777777
2,,0.37777777777777777
,,0.24444444444444444
